-- Drop tables in order to avoid foreign key constraints issues
DROP TABLE IF EXISTS EMP;
DROP TABLE IF EXISTS DEPT;
DROP TABLE IF EXISTS BONUS;
DROP TABLE IF EXISTS SALGRADE;

-- Create DEPT Table
CREATE TABLE DEPT (
    DEPTNO INT(2) PRIMARY KEY,
    DNAME VARCHAR(14) UNIQUE,
    LOC VARCHAR(13) NOT NULL
);

INSERT INTO DEPT VALUES (10, 'ACCOUNTING', 'NEW YORK');
INSERT INTO DEPT VALUES (20, 'RESEARCH', 'DALLAS');
INSERT INTO DEPT VALUES (30, 'SALES', 'CHICAGO');
INSERT INTO DEPT VALUES (40, 'OPERATIONS', 'BOSTON');

-- Create SALGRADE Table
CREATE TABLE SALGRADE (
    GRADE INT,
    LOSAL INT,
    HISAL INT
);

INSERT INTO SALGRADE VALUES (1, 700, 1200);
INSERT INTO SALGRADE VALUES (2, 1201, 1400);
INSERT INTO SALGRADE VALUES (3, 1401, 2000);
INSERT INTO SALGRADE VALUES (4, 2001, 3000);
INSERT INTO SALGRADE VALUES (5, 3001, 9999);

-- Create EMP Table
CREATE TABLE EMP (
    EMPNO INT(4) PRIMARY KEY,
    ENAME VARCHAR(10) NOT NULL,
    JOB VARCHAR(9),
    MGR INT(4),
    HIREDATE DATE,
    SAL DECIMAL(7,2),
    COMM DECIMAL(7,2),
    DEPTNO INT(2),
    CONSTRAINT EMP_FKEY FOREIGN KEY (DEPTNO) REFERENCES DEPT(DEPTNO)
);

-- Insert data using STR_TO_DATE for MySQL date compatibility
INSERT INTO EMP VALUES (7369, 'SMITH', 'CLERK', 7902, STR_TO_DATE('17/12/1980', '%d/%m/%Y'), 800, NULL, 20);
INSERT INTO EMP VALUES (7499, 'ALLEN', 'SALESMAN', 7698, STR_TO_DATE('20/02/1981', '%d/%m/%Y'), 1600, 300, 30);
INSERT INTO EMP VALUES (7521, 'WARD', 'SALESMAN', 7698, STR_TO_DATE('22/02/1981', '%d/%m/%Y'), 1250, 500, 30);
INSERT INTO EMP VALUES (7566, 'JONES', 'MANAGER', 7839, STR_TO_DATE('02/04/1981', '%d/%m/%Y'), 2975, NULL, 20);
INSERT INTO EMP VALUES (7654, 'MARTIN', 'SALESMAN', 7698, STR_TO_DATE('28/09/1981', '%d/%m/%Y'), 1250, 1400, 30);
INSERT INTO EMP VALUES (7698, 'BLAKE', 'MANAGER', 7839, STR_TO_DATE('01/05/1981', '%d/%m/%Y'), 2850, NULL, 30);
INSERT INTO EMP VALUES (7782, 'CLARK', 'MANAGER', 7839, STR_TO_DATE('09/07/1981', '%d/%m/%Y'), 2450, NULL, 10);
INSERT INTO EMP VALUES (7788, 'SCOTT', 'ANALYST', 7566, STR_TO_DATE('09/12/1982', '%d/%m/%Y'), 3000, NULL, 20);
INSERT INTO EMP VALUES (7839, 'KING', 'PRESIDENT', NULL, STR_TO_DATE('17/12/1981', '%d/%m/%Y'), 5000, NULL, 10);
INSERT INTO EMP VALUES (7844, 'TURNER', 'SALESMAN', 7698, STR_TO_DATE('08/09/1981', '%d/%m/%Y'), 1500, 0, 30);
INSERT INTO EMP VALUES (7876, 'ADAMS', 'CLERK', 7788, STR_TO_DATE('12/01/1983', '%d/%m/%Y'), 1100, NULL, 20);
INSERT INTO EMP VALUES (7900, 'JAMES', 'CLERK', 7698, STR_TO_DATE('03/12/1981', '%d/%m/%Y'), 950, NULL, 30);
INSERT INTO EMP VALUES (7902, 'FORD', 'ANALYST', 7566, STR_TO_DATE('03/12/1981', '%d/%m/%Y'), 3000, NULL, 20);
INSERT INTO EMP VALUES (7934, 'MILLER', 'CLERK', 7782, STR_TO_DATE('23/02/1982', '%d/%m/%Y'), 1300, NULL, 10);